INSERT INTO game(name) VALUES ('Bonoloto');
INSERT INTO game(name) VALUES ('El Gordo');
INSERT INTO game(name) VALUES ('Eurodreams');
INSERT INTO game(name) VALUES ('Euromillones');
INSERT INTO game(name) VALUES ('La Primitiva');
INSERT INTO game(name) VALUES ('La Quiniela');
INSERT INTO game(name) VALUES ('Lotería Nacional');
INSERT INTO game(name) VALUES ('Lototurf');

# Euromillones 2024
INSERT INTO draw (id, `date`, game_id) VALUES (1, '2024-03-08', 4);
INSERT INTO draw_result (id, draw_id, `result`) VALUES (1, 1, '{"N1": 8, "N2": 11, "N3": 12, "N4": 16, "N5": 44, "Estrella1": 4, "Estrella2": 7}');
INSERT INTO draw (id, `date`, game_id) VALUES (2, '2024-03-05', 4);
INSERT INTO draw_result (id, draw_id, `result`) VALUES (2, 2, '{"N1": 2, "N2": 15, "N3": 17, "N4": 23, "N5": 36, "Estrella1": 3, "Estrella2": 8}');
INSERT INTO draw (id, `date`, game_id) VALUES (3, '2024-03-01', 4);
INSERT INTO draw_result (id, draw_id, `result`) VALUES (3, 3, '{"N1": 4, "N2": 7, "N3": 19, "N4": 20, "N5": 34, "Estrella1": 2, "Estrella2": 4}');
INSERT INTO draw (id, `date`, game_id) VALUES (4, '2024-02-27', 4);
INSERT INTO draw_result (id, draw_id, `result`) VALUES (4, 4, '{"N1": 3, "N2": 4, "N3": 9, "N4": 12, "N5": 20, "Estrella1": 5, "Estrella2": 6}');
INSERT INTO draw (id, `date`, game_id) VALUES (5, '2024-02-23', 4);
INSERT INTO draw_result (id, draw_id, `result`) VALUES (5, 5, '{"N1": 24, "N2": 27, "N3": 28, "N4": 30, "N5": 49, "Estrella1": 1, "Estrella2": 12}');
INSERT INTO draw (id, `date`, game_id) VALUES (6, '2024-02-20', 4);
INSERT INTO draw_result (id, draw_id, `result`) VALUES (6, 6, '{"N1": 23, "N2": 31, "N3": 37, "N4": 42, "N5": 48, "Estrella1": 3, "Estrella2": 7}');
INSERT INTO draw (id, `date`, game_id) VALUES (7, '2024-02-16', 4);
INSERT INTO draw_result (id, draw_id, `result`) VALUES (7, 7, '{"N1": 8, "N2": 13, "N3": 14, "N4": 24, "N5": 26, "Estrella1": 1, "Estrella2": 2}');
INSERT INTO draw (id, `date`, game_id) VALUES (8, '2024-02-13', 4);
INSERT INTO draw_result (id, draw_id, `result`) VALUES (8, 8, '{"N1": 13, "N2": 17, "N3": 18, "N4": 20, "N5": 46, "Estrella1": 4, "Estrella2": 9}');
INSERT INTO draw (id, `date`, game_id) VALUES (9, '2024-02-09', 4);
INSERT INTO draw_result (id, draw_id, `result`) VALUES (9, 9, '{"N1": 23, "N2": 24, "N3": 35, "N4": 37, "N5": 45, "Estrella1": 9, "Estrella2": 12}');
INSERT INTO draw (id, `date`, game_id) VALUES (10, '2024-02-06', 4);
INSERT INTO draw_result (id, draw_id, `result`) VALUES (10, 10, '{"N1": 2, "N2": 7, "N3": 21, "N4": 28, "N5": 45, "Estrella1": 5, "Estrella2": 11}');
INSERT INTO draw (id, `date`, game_id) VALUES (11, '2024-02-02', 4);
INSERT INTO draw_result (id, draw_id, `result`) VALUES (11, 11, '{"N1": 13, "N2": 20, "N3": 23, "N4": 27, "N5": 42, "Estrella1": 5, "Estrella2": 9}');
INSERT INTO draw (id, `date`, game_id) VALUES (12, '2024-01-30', 4);
INSERT INTO draw_result (id, draw_id, `result`) VALUES (12, 12, '{"N1": 5, "N2": 10, "N3": 19, "N4": 27, "N5": 30, "Estrella1": 5, "Estrella2": 6}');
INSERT INTO draw (id, `date`, game_id) VALUES (13, '2024-01-26', 4);
INSERT INTO draw_result (id, draw_id, `result`) VALUES (13, 13, '{"N1": 8, "N2": 19, "N3": 32, "N4": 41, "N5": 42, "Estrella1": 9, "Estrella2": 12}');
INSERT INTO draw (id, `date`, game_id) VALUES (14, '2024-01-23', 4);
INSERT INTO draw_result (id, draw_id, `result`) VALUES (14, 14, '{"N1": 14, "N2": 23, "N3": 39, "N4": 48, "N5": 50, "Estrella1": 3, "Estrella2": 12}');
INSERT INTO draw (id, `date`, game_id) VALUES (15, '2024-01-19', 4);
INSERT INTO draw_result (id, draw_id, `result`) VALUES (15, 15, '{"N1": 27, "N2": 28, "N3": 44, "N4": 48, "N5": 50, "Estrella1": 7, "Estrella2": 12}');
INSERT INTO draw (id, `date`, game_id) VALUES (16, '2024-01-16', 4);
INSERT INTO draw_result (id, draw_id, `result`) VALUES (16, 16, '{"N1": 10, "N2": 18, "N3": 21, "N4": 33, "N5": 45, "Estrella1": 8, "Estrella2": 12}');
INSERT INTO draw (id, `date`, game_id) VALUES (17, '2024-01-12', 4);
INSERT INTO draw_result (id, draw_id, `result`) VALUES (17, 17, '{"N1": 16, "N2": 17, "N3": 18, "N4": 45, "N5": 49, "Estrella1": 9, "Estrella2": 12}');
INSERT INTO draw (id, `date`, game_id) VALUES (18, '2024-01-09', 4);
INSERT INTO draw_result (id, draw_id, `result`) VALUES (18, 18, '{"N1": 2, "N2": 9, "N3": 12, "N4": 39, "N5": 40, "Estrella1": 1, "Estrella2": 3}');
INSERT INTO draw (id, `date`, game_id) VALUES (19, '2024-01-05', 4);
INSERT INTO draw_result (id, draw_id, `result`) VALUES (19, 19, '{"N1": 4, "N2": 7, "N3": 18, "N4": 39, "N5": 50, "Estrella1": 3, "Estrella2": 8}');
INSERT INTO draw (id, `date`, game_id) VALUES (20, '2024-01-02', 4);
INSERT INTO draw_result (id, draw_id, `result`) VALUES (20, 20, '{"N1": 7, "N2": 15, "N3": 18, "N4": 46, "N5": 49, "Estrella1": 10, "Estrella2": 12}');